"v1","v2","v3","v4","v5","v6","v7","v8","v9","v10","v11","v12","v13","v14","v15","v16","v17","v18","v19","v20","v21","v22","v23","v24","v25","v26","v27","v28","v29","v30","v31","v32","v33","v34","v35","v36","v37","v38","v39","v40","v41","v42","v43","v44","v45","v46","v47","v48","v49","v50","v51","v52","v53","v54","v55","v56","v57","v58","v59","v60","v61","v62","v63","v64","v65","v66","v67","v68","v69","v70","v71","v72","v73","v74","v75","v76","v77","v78","v79","v80"
0.4341,-0.72665,-0.62306,-0.041317,-0.46669,0.80228,1.5083,-0.36208,-0.10522,-0.86282,0.66043,1.001,0.33668,0.76181,0.80697,-0.88295,0.39023,0.85853,1.6151,-1.511,-1.5008,0.13318,-0.13824,1.2571,0.22697,-0.71494,0.037256,0.91121,-0.3483,-1.3863,1.8114,0.17415,1.8296,-1.2927,-0.085661,0.23976,-0.55684,0.54348,-0.21403,-1.2474,-1.1511,-0.50075,0.79744,-0.68305,1.0444,1.8858,0.44572,0.75851,-0.18296,-0.13056,0.45684,-0.41214,-1.5871,0.779,0.93226,-2.0432,-1.7011,-0.15602,1.0821,1.1504,0.16102,0.12973,-0.79555,0.25904,0.092019,-0.34232,-1.2013,2.0903,-0.11305,-0.9399,-0.99523,-1.3904,-0.14667,-0.52153,-0.56966,-1.7534,1.0275,2.0212,0.19017,-0.039731
0.0017026,0.22282,-1.0287,0.38312,0.38664,2.1567,0.46995,1.3708,-1.1342,1.7298,1.6357,0.48613,-0.30549,0.10691,-0.21448,0.96323,0.75743,-0.030179,-0.28206,-0.84533,0.027648,-0.84144,-0.90569,-2.0306,-0.77806,0.16605,-0.77476,1.4031,1.2991,2.2339,-0.13861,-0.70374,-0.63915,-0.51201,0.23377,0.60188,-0.97866,0.42518,-1.2312,0.2112,1.0451,1.017,2.3013,0.14903,0.23557,0.77866,0.99062,-0.58179,0.41701,-1.1793,0.11945,0.99056,-0.49907,0.98711,1.6398,-1.5414,-2.4009,-0.071212,0.52217,0.56824,0.23596,0.1346,0.072846,0.95099,1.9587,-1.2463,0.5205,-0.91973,-0.30701,-0.19744,0.25716,-2.4956,0.78259,1.4677,-0.15313,0.5794,-2.1482,-1.2093,1.0046,-1.1614
-0.52957,0.72487,0.29102,-1.3916,-1.463,0.24877,0.3893,1.2963,2.0014,-1.0131,-0.86307,-0.64957,0.69922,1.3873,-0.020961,-2.0312,0.3701,-1.2663,0.56285,-0.27239,-0.47681,-0.93487,1.43,2.6189,0.45682,-1.6615,0.64755,-2.1798,1.0452,-0.73892,1.3796,-0.53321,1.0082,0.54097,1.5593,1.1087,-0.12075,0.07884,-0.26198,0.79228,-1.0188,0.31072,-0.95315,0.80571,-0.065854,0.26079,0.75652,-0.041996,1.0379,-0.82278,0.42199,0.049237,0.31992,1.3543,-0.73154,-1.8918,1.872,1.0863,-0.96186,-1.2003,0.029224,-0.17043,0.36395,0.48797,-0.97289,-0.98688,-0.44719,-1.7841,0.60447,0.59033,0.46498,-1.6034,-0.96934,-0.40762,-1.5431,0.10671,-0.80809,-0.48051,0.11408,-1.2956
0.019233,-1.425,-0.26782,-2.2654,-0.56949,-1.1296,0.71913,0.0026949,-0.43097,-0.5242,-0.38042,-0.17375,-0.30773,0.062416,-0.94584,-0.16908,0.21593,-0.65561,0.23045,1.1258,0.5396,0.16982,0.71284,-0.12163,0.92687,0.15812,0.23722,1.0031,-0.41774,0.36372,0.22573,-0.2464,0.57863,-0.19845,0.97619,-0.71969,1.1595,1.867,0.86341,-0.64423,-0.57606,-0.50721,-0.74967,1.1164,-0.98565,-2.0034,0.15457,0.40124,-0.15601,-0.44252,-1.1853,-0.64836,-0.71552,-0.40335,0.017002,1.2473,-1.3353,0.71982,0.30513,-0.75483,1.277,0.42842,0.46125,-1.011,-0.62858,-0.8251,0.47551,1.5318,2.03,0.29232,-1.4783,-1.2749,-0.73725,-0.82054,0.86448,0.28767,0.38676,-0.80894,1.2836,0.3964
-1.3205,-0.25526,-0.03421,-0.4267,1.4606,-1.3988,0.020785,-0.022045,-0.94113,0.73279,-0.53579,-1.1473,-1.1953,-0.4846,-1.4396,0.45188,-1.7499,-1.5364,-2.638,-1.5234,-0.65751,1.8694,-0.3157,1.2643,-0.021692,-0.16277,-0.96915,-0.558,0.57931,-1.4314,-2.1511,1.4535,-1.2406,0.098775,1.1303,-1.2967,-0.51784,0.83767,-0.4461,0.71221,-0.26637,-0.68318,-0.54205,-0.29928,0.043641,-0.91599,0.42419,0.68828,-2.1615,0.31819,0.30566,-0.18646,1.2603,0.66402,-1.2065,0.43427,-0.90142,-1.8143,0.14598,-3.7218e-05,-0.55844,0.6977,-1.3908,0.77605,-1.4024,-0.32573,-1.6656,-0.49171,0.2525,0.24778,-0.96901,-1.2804,-1.1295,-1.1157,-1.8234,-1.0026,0.47095,-0.018112,-0.65637,-1.1897
1.7514,-0.63482,0.49416,-0.71853,-0.35494,-2.198,-0.37297,0.23336,-0.69236,0.30013,-1.8369,-1.7381,-0.40693,-0.27313,-0.44871,-0.60734,0.56152,-0.34555,-0.50046,2.0707,-0.42438,0.15028,0.45061,-1.5481,0.60321,0.77406,0.24594,-0.83726,-0.34242,1.6215,1.4117,-0.79406,0.17521,0.010325,1.6714,0.30753,-0.54697,0.024858,0.75846,2.3454,0.11466,0.60847,0.0012625,0.59476,-0.22099,-0.39258,-1.046,-0.23418,0.68957,-0.22538,0.94311,0.18239,-0.96504,0.50853,-0.064467,0.2331,0.39907,-0.83991,-1.1513,0.98526,0.33616,0.81033,1.0185,-1.2421,-0.20973,-0.025548,-0.22532,0.48453,1.8417,-1.2026,-0.26514,0.044827,0.83347,0.24028,-1.0614,0.50173,0.86652,-0.47088,1.0957,0.40922
0.15182,0.067397,-0.33261,1.3632,-0.069406,-0.073964,0.82454,1.5687,-0.36669,-0.3024,-1.0412,0.79762,1.2363,0.53598,2.2061,-1.1637,0.3015,-0.55707,-0.42392,0.68354,0.057934,-0.83665,0.48138,1.0607,0.77685,0.22709,-0.13728,0.19885,3.1222,0.86249,-1.3665,-0.30053,-0.79214,0.73254,0.19425,-0.74099,0.18615,-0.15308,-0.31438,-1.875,0.88932,-0.43046,-0.84107,2.3191,-0.13902,0.83359,-0.25505,0.24835,1.2507,0.74255,-1.2692,0.14392,-0.015244,-0.92645,-0.69224,0.25272,0.052194,0.67099,1.3372,0.21696,0.1214,-0.32385,-0.7811,2.1387,-0.24873,-0.26837,-0.90713,0.40695,-0.77815,0.43209,-1.8395,-0.87576,-0.62894,-1.295,0.37969,-0.23408,-1.3803,0.54727,-0.1232,0.048905
0.054849,-2.3327,-0.6735,-1.644,0.2768,0.022091,1.0217,-0.78913,0.20061,0.099143,1.1985,-0.8664,0.92583,-0.15006,-1.5293,0.66087,-0.77313,-0.21882,0.12427,0.78817,-0.15358,7.669e-05,-0.61199,0.12965,0.42075,0.51283,-0.73828,-0.97916,0.29791,-0.85002,0.19266,-0.28348,-1.9703,0.028174,-0.62847,-0.37118,-1.0769,-0.44498,-0.00055989,2.9541,-0.62377,0.28345,0.85489,-0.42702,-0.88759,-0.04099,-0.60111,-1.3272,-0.43104,-0.89818,-0.17745,-0.72169,1.1186,1.2558,-0.72917,0.28274,-0.71572,0.51428,0.50504,1.0615,0.60639,-2.1093,-0.30577,0.34643,-1.4938,-2.1068,-1.6596,1.0738,1.3782,0.7547,0.68066,-1.2558,0.18779,-0.3269,0.62113,-1.1477,0.27909,1.2452,-1.7715,0.40942
0.49599,0.70226,1.7807,0.65254,1.8532,-0.32034,0.21569,-1.3112,-1.502,0.60093,0.12626,-0.9036,-2.4467,1.0298,0.5726,-0.129,0.055992,0.41568,-0.22369,-0.15395,0.89287,-1.9444,-0.63579,-0.54006,0.16721,-0.52492,-0.10233,-0.203,0.1727,0.33299,0.022971,-0.050155,-1.1136,-0.69104,0.96815,0.14543,2.4191,-0.72371,0.7828,0.58822,3.0066,0.45519,0.62796,-0.035426,0.30982,0.37563,0.050679,-0.8597,-0.75173,0.38913,0.35046,-1.1221,-0.62611,0.51445,-1.8498,-1.0973,1.2492,0.66759,-1.575,-0.67206,0.6714,-0.56368,0.27626,-1.0923,-0.87367,1.642,-0.084497,-0.43806,0.19949,1.3038,-0.12433,0.80349,-0.18939,-0.98797,-0.57361,-0.21537,0.44236,0.93213,-0.36861,0.58869
0.77919,-1.3275,-0.51756,-0.58475,-0.90702,0.38038,0.27866,-0.68596,-0.23747,0.18385,-1.3209,1.8839,-0.7665,-0.47477,1.0167,0.61481,1.6454,2.51,-0.41527,0.41596,1.0327,-0.26298,0.5946,1.3745,-0.50798,0.91613,-0.086547,-1.4778,-0.22683,1.0127,0.92961,-0.45554,-0.43784,-0.75234,-0.33453,0.53872,-0.49395,-0.070799,-0.89294,-0.53439,0.14844,0.45424,0.97133,1.2804,-0.70983,-0.042916,0.47612,-1.3756,-1.3373,-0.45328,-1.4178,-0.11655,1.3875,0.44591,-1.0865,-0.92722,1.7642,-0.15471,-1.5844,1.0501,-0.09074,0.29572,0.4732,0.15818,-0.88137,0.87937,-0.3652,0.21901,0.030629,1.6485,-0.079477,0.8384,-0.27631,0.59101,-1.1809,1.0855,0.015294,0.60676,-0.1694,0.27649
0.58604,-0.52805,-0.79245,0.22138,0.41397,-2.3672,1.5722,-0.43406,-0.25904,0.099997,0.90876,1.3762,-0.10933,-0.34298,-1.2103,1.0069,-0.91544,0.33978,0.19388,-0.18655,-2.097,0.15188,-0.02343,1.1454,0.28865,1.2188,0.03823,2.1438,1.2753,0.98169,-1.8151,-0.16041,1.2755,-0.72116,-0.79947,0.67686,-0.4116,-1.1343,-2.4737,-0.67208,-0.40638,-0.093914,-1.815,-0.49883,-0.66566,-0.27308,1.5862,0.0088985,-0.49537,-0.049691,0.85248,0.4261,2.0326,-0.97624,-0.13579,-0.4597,-2.1666,2.5281,1.752,0.78489,0.77094,1.0307,-1.1059,0.062349,-1.6453,-1.0218,0.18107,-1.3304,1.0396,-0.32445,-0.92967,-1.1261,-0.33644,-0.16537,-0.26743,-1.5176,1.7866,0.055525,0.73446,-1.1144
-2.3537,0.43364,-0.57004,1.0837,0.86052,0.96915,0.53029,0.86567,0.29124,1.0204,-1.6581,0.72179,-0.38691,1.1007,1.5629,0.97975,0.38941,0.34386,1.2676,-0.70938,-1.0818,0.24957,0.35723,-0.6328,-0.56042,-0.24024,-0.76362,2.4284,0.70552,0.1875,-1.4265,0.03024,0.95662,-0.18773,-0.67253,1.6928,-0.026279,0.58859,-0.45907,1.3635,-0.43095,0.9345,-0.51369,0.69411,-0.54864,-0.14633,0.43627,-0.2691,-0.064145,0.27098,-0.092163,-1.203,0.82765,-0.69232,1.4824,-0.32656,1.6905,-0.10209,-0.46536,-0.5459,0.66645,0.043504,1.1918,-1.897,-1.4915,-0.27553,0.37822,0.84872,0.99224,-0.090952,-0.10653,-0.45232,-1.5385,1.1704,-0.9394,0.92594,0.71304,2.2003,0.39322,2.0563
-0.28569,1.2016,-0.18223,0.36482,0.49189,-1.5128,0.48546,2.5923,-1.2701,-0.29175,0.75316,0.18289,-0.4897,0.56056,0.52006,1.2343,0.15717,-0.76529,2.0369,-0.26626,-2.3487,0.049132,0.025,-0.34114,-1.8782,-1.3505,-0.1402,0.22232,0.34216,0.2014,0.68338,-0.86947,-0.20619,0.79934,1.9642,-0.17336,0.93565,0.63291,-1.5073,-0.59426,0.37793,1.7095,-0.59531,-0.64302,-1.7399,0.71754,-0.053265,-0.1136,0.12756,-1.6933,0.77637,-0.61725,-3.0956,0.28088,-0.69379,-0.77912,0.53404,1.1653,-1.9824,-1.0049,0.81822,-0.83376,1.1459,0.47946,-1.3007,0.30312,-0.75515,-1.4338,1.4539,0.30674,2.3653,-0.20849,-0.58295,0.054576,1.575,0.36054,1.1253,-0.20332,0.7817,0.6613
-0.12985,0.85833,-0.59297,0.99148,0.65401,0.18615,-0.66288,-2.3764,-1.3527,1.7302,-0.90325,-0.061811,0.55007,-0.71563,0.79769,-0.67343,-0.53899,-1.0398,-1.8604,1.4146,0.76593,-1.0797,1.6224,-0.62083,-1.0513,0.04754,-0.16823,-0.50295,1.3305,0.34965,0.12077,-0.049984,-0.47296,1.4197,0.60439,-0.17436,-0.087798,1.1907,-0.055109,1.269,0.42486,-0.39215,-1.3965,1.0847,0.72584,1.4687,0.30461,0.52248,0.55208,-0.70379,0.17114,-2.0544,-0.11324,1.7111,-0.59228,0.14492,-0.42603,-1.0958,-0.70701,-0.40279,2.5694,0.9439,-0.12115,0.046177,1.0631,0.92449,-0.99031,-1.2971,-0.018417,-0.37144,0.65123,-0.56097,-1.7915,-1.3588,-1.1538,0.19696,-0.64787,-0.82901,-1.0483,-1.2723
0.40115,-0.46175,-0.62015,0.50423,1.4252,0.79646,-0.78701,0.81999,1.4141,-0.054817,-0.98238,-0.87742,0.5246,-0.1015,-1.1301,-0.14578,0.23082,0.13707,-0.85419,-1.0054,1.6245,0.50263,-1.461,0.97216,-0.72416,1.9933,-0.22791,-0.192,0.24662,0.88462,0.80488,-0.89108,0.1706,-0.93281,0.76333,0.68094,-0.023146,0.70702,1.8328,-0.36338,0.63211,1.1094,0.42202,0.44421,0.031694,-1.3313,-0.39312,0.43739,-1.5977,-2.6254,0.46548,-0.88258,0.72919,-0.40439,0.13659,0.868,-0.16037,-0.99853,1.7587,0.69193,-0.13376,1.2365,-1.3081,-0.8938,-0.43273,0.93403,0.87183,-1.4253,0.30782,-1.4975,0.086331,-0.42035,1.0542,0.57081,2.0455,-0.13724,-0.36623,2.8183,-0.21357,0.15332
-0.11842,1.0772,0.27923,1.1914,-1.3423,-2,-0.61303,0.12218,-1.8238,-0.79963,0.61683,-1.0223,1.3117,0.57098,-1.987,-1.6452,1.625,0.12203,1.1168,0.71237,0.04074,-1.275,0.54309,-2.2941,0.58817,0.55608,1.0441,-0.32691,0.20082,-0.39083,1.6706,-1.2141,-1.0699,-1.6096,1.3929,0.30621,-1.3266,-0.6684,-0.14116,-0.1785,-0.27564,-0.29275,1.7224,1.9561,-0.13547,1.2148,-1.0584,-0.19857,-0.58064,0.459,0.77387,0.38095,1.7846,-0.89899,-0.31698,-0.65145,-0.99287,-0.64678,-1.3398,1.2768,-0.8234,-0.29804,0.19896,-0.46133,-0.73652,1.8794,-0.51358,-2.809,0.2027,-0.44,0.11401,0.28902,-1.5358,1.3901,0.80816,1.0408,-0.19652,0.259,-0.40442,-0.03867
1.8505,1.4397,-1.0542,0.20786,-0.095602,-1.5341,0.91091,-0.47152,0.93411,1.1034,-1.6595,1.1928,-0.14839,1.0224,-1.0841,0.042747,-0.75728,-1.707,0.28862,1.6821,1.5935,0.53015,0.70895,-0.31059,-1.9074,0.95843,-0.5481,-0.66226,-0.64912,-0.21074,2.5358,0.12746,-1.7544,0.22665,-0.69363,0.74955,-0.093691,0.68877,0.35239,-0.32029,0.42969,0.081611,-0.95112,0.43399,0.29036,-0.86964,-1.3901,-0.48613,1.2651,-0.28098,0.30074,1.2967,-1.4132,1.7668,-0.072482,0.94956,2.0267,-0.0079282,-0.29203,-0.81019,0.60226,-2.3417,-2.4627,0.25153,0.4621,0.83379,-0.3672,1.4583,0.78836,0.16291,0.6735,1.0228,-0.70409,-0.33528,-0.74672,-0.78893,1.4493,0.40189,0.13604,0.4831
1.3646,-1.1214,0.68902,0.29264,1.3523,-0.63774,-0.05092,0.81947,-0.082669,-0.55213,0.021078,-0.75657,0.41076,1.7568,0.5665,-1.3993,0.55634,0.34113,0.23296,-0.34716,-0.22585,0.46601,-0.033807,-0.27687,-0.54046,-2.2721,0.26565,-0.47732,-0.98107,1.4228,-0.63698,1.3137,0.039387,-0.55284,1.2341,-0.97835,-1.9126,0.42036,0.20991,-0.87199,-0.9435,0.57997,-1.7309,0.39202,0.17107,1.2544,1.3698,-0.47441,0.044558,-0.91544,-0.57916,-0.87285,1.1409,-0.16947,-0.70034,-1.8563,0.29685,2.0316,-1.2317,-0.93778,1.9111,-0.75664,-0.50677,-0.22557,-0.60969,-0.15104,-0.47985,-0.73956,0.49549,-0.39754,0.32612,-1.302,1.1063,-1.5646,0.98844,-0.77992,1.5921,-1.118,-0.40216,0.43695
-0.050807,-0.72977,0.52347,0.64116,-0.21619,0.37928,-1.1223,2.3878,-0.57442,-0.070409,-0.44463,0.68439,-0.81403,-0.29049,1.4378,0.5109,1.2792,-0.19389,-0.1292,0.58139,-0.97927,-0.93505,-1.035,-0.67529,0.24227,0.81075,-0.42802,-2.2128,1.3812,-1.3113,0.19824,0.37137,-0.84999,-0.41584,-0.4908,0.35344,0.51513,0.45473,0.38294,0.43555,0.97911,0.36728,-0.71958,0.81663,1.4377,-0.27345,-0.87079,1.15,0.81202,-0.066012,0.33867,0.6559,-1.0259,-0.041059,-0.31367,-1.4777,1.6291,0.66307,-1.5293,1.3337,-2.501,0.0025405,0.14891,-1.2743,0.57366,0.70978,0.90684,-0.5377,1.1107,-0.65818,-1.1104,-0.015053,0.54301,-1.6038,-1.046,0.35692,-0.35924,1.0601,-0.39067,-0.042252
0.65892,0.81791,-0.71741,-0.86468,1.1566,-0.23666,0.98123,-1.5468,0.15639,0.14329,1.0121,0.83318,-0.52764,0.083902,-0.1792,0.094269,-0.4905,1.1394,0.75475,-0.49162,0.54582,-0.10862,0.11748,-1.2673,-0.86885,0.75216,-0.47771,-0.62757,-0.52346,0.385,0.19144,0.46931,-0.78444,-0.38001,0.73634,0.34017,0.53574,0.78595,0.091671,1.4235,0.44752,0.99077,0.53378,0.55021,-1.3094,1.3432,-0.03919,-2.1248,-0.99805,0.81023,1.0543,-0.24203,-0.46738,0.85331,0.066555,-0.66378,1.2061,-0.84056,-1.8184,0.56115,-0.52839,0.64704,-0.34108,0.38721,-1.3001,2.2574,-0.60261,0.057487,-0.087162,0.65943,-0.53116,0.3109,1.2903,1.3313,0.027167,-0.96843,-0.39882,0.44158,0.59604,-0.50183
0.33124,0.98829,1.5569,0.87009,0.57424,1.0282,0.53709,-0.89321,0.394,0.20816,0.32698,0.46472,2.0904,-2.1976,-0.35875,1.6224,-1.0219,0.077418,0.12868,-0.0488,-2.6593,1.2777,0.38668,-0.036476,-1.8676,1.9228,0.29589,-0.53407,-1.0134,-1.2684,-0.71529,1.807,0.090501,-0.71443,0.78656,0.75112,0.18004,-1.5561,0.22061,-0.1084,-1.3196,0.06973,-0.63601,-0.19518,0.19936,-0.043407,1.2769,-0.17118,-0.11116,-0.0013954,-0.042645,0.37238,0.19262,0.75806,-0.40499,0.8949,1.0815,0.59705,-1.3222,0.39647,0.35673,-1.3951,-0.26679,-0.30317,1.7388,-0.20374,-0.26112,-0.64167,0.48936,-1.7579,-0.82843,0.60921,0.11585,-1.5821,-2.102,0.35479,0.11853,0.65322,-1.3964,1.6866
0.005273,-0.86642,2.0023,0.38944,0.67746,-1.2198,-0.48849,0.57578,-0.069083,0.2364,-1.149,-1.3423,0.91703,1.3047,0.45704,-1.7921,-1.5132,1.0767,0.20033,-1.4575,0.25336,0.50506,-1.1168,0.85907,-1.1742,0.28408,0.6994,-0.71016,-1.1202,-0.11353,-0.23553,0.44709,1.0895,-0.57426,-0.5155,-0.1237,1.4646,0.0035843,-0.31133,1.0832,-1.3001,-0.12987,-0.42168,-0.030635,-0.21466,1.9581,-1.1654,0.81887,0.035091,-0.057512,0.8219,0.64072,0.034169,-0.82278,-0.76876,-0.54063,0.57979,0.2038,0.52394,0.70669,-1.3551,0.18188,-0.39787,-1.1795,-0.059252,-1.4397,-0.45198,0.91174,0.028661,-0.9267,0.8923,0.087562,-0.5846,-1.7265,-0.75527,0.91967,-0.76143,1.1232,0.76316,-1.8332
-0.93883,0.40074,-0.0068006,-1.4111,0.68604,-0.34556,0.80694,1.9777,0.19535,0.95047,0.082608,0.41429,2.4665,0.42526,-0.84201,-2.1913,-1.4285,-0.68739,-0.37396,0.079765,1.5295,-1.223,1.2439,-0.31914,-0.64396,1.8879,-0.29164,-0.13736,-0.24407,-0.14926,-1.1349,0.42573,-1.0838,1.6815,-0.54759,1.2968,-1.0644,1.3238,0.81989,1.1847,1.1603,1.051,-0.10349,-0.34136,0.1329,-0.0032175,1.8605,0.86712,1.0623,-0.75974,2.6068,-0.59023,0.59007,-0.90944,-2.5939,0.72165,1.013,-1.1602,0.24735,0.1633,0.092049,-1.5456,1.4717,0.78186,-1.3821,0.22292,0.96271,0.34766,-1.4073,-0.029168,0.13366,0.48945,-1.6853,2.0935,-1.524,-0.69421,-0.78302,-0.050618,-0.88355,-1.4266
-0.10068,0.81035,-0.53606,1.7151,1.7548,-0.82548,1.0408,1.0105,-1.0768,1.1207,0.7264,-0.49455,0.80279,-1.8263,-1.9332,-0.14508,-1.3095,-0.2174,-0.42227,1.2535,-0.8239,0.59947,-1.1252,0.37469,1.311,-0.0059967,-0.68271,-0.075593,1.4769,-1.8111,-0.35963,-1.9414,0.50455,1.3306,-2.2248,0.97058,-0.67902,-0.37752,-0.89903,0.90307,-0.011926,1.0018,-0.06829,-0.95827,0.90764,0.84973,1.8448,0.59325,0.10113,-1.7468,1.4502,-0.018807,-0.90438,-0.54123,0.51095,0.089927,-1.3112,2.2196,-1.0068,0.77746,0.54595,-1.3181,0.31913,1.3048,-2.4811,0.99296,1.0791,0.4625,-0.41644,0.8576,0.10615,-0.62054,-0.42034,-1.4997,-1.0918,0.066298,2.1065,1.6045,-0.15834,1.0086
-0.19877,-0.83059,0.84514,-0.37277,-1.231,0.029873,1.1703,-0.33113,0.55648,-0.049109,-1.952,0.0060156,-0.037776,0.11292,0.79099,-0.20059,0.66792,-1.0757,-1.093,-0.59503,0.21369,-0.18554,0.39049,-2.3393,-0.8537,-0.0078874,-2.4673,2.0891,0.89082,-0.25624,-0.58002,-2.3045,0.69326,-0.2398,1.3801,0.006517,0.75176,-0.10328,0.1915,0.012255,0.089766,-1.0812,2.2598,-1.2378,2.422,1.1409,-1.4569,-0.63985,0.20611,-0.38141,1.1069,-0.48249,0.23778,-0.026607,0.23106,-0.46343,-1.5347,0.35845,-0.16217,0.064703,-1.32,0.83524,0.033775,-0.29839,-2.7092,-0.086999,1.1625,-0.83345,1.5967,0.13294,0.46729,-1.3006,-0.77327,-3.2319,0.95415,-0.86369,1.0858,-0.10665,0.20972,0.6428
-0.63464,-0.15616,-0.17314,0.66878,0.99442,0.95985,1.5549,-0.91938,-1.1052,0.82501,-1.2714,-0.37384,2.2787,0.88558,-1.0834,-0.2046,-0.24,-0.17188,0.47495,-0.00032371,1.1699,1.7663,1.3312,0.79056,2.1407,1.3522,-0.53342,-0.74458,-0.80422,0.070098,1.417,-1.9625,-0.83964,0.88751,-0.79553,-2.0473,0.64698,-0.26563,-0.19905,0.97137,0.68701,0.11898,-0.31272,1.6119,1.6176,0.41731,2.2382,1.0692,1.3407,-0.024307,0.23059,0.61886,-0.69386,-0.9637,0.14336,1.4867,-0.97039,-0.4037,2.0106,-1.7532,-1.0454,1.2902,-0.13223,0.17666,2.2043,0.98842,0.24064,1.307,0.93158,-1.5746,-1.3609,0.44231,-1.4358,1.2583,1.8552,1.102,0.95442,0.05592,0.57098,0.97782
-1.4733,-0.71071,0.56053,1.8605,-0.61704,-0.32279,1.0078,0.18018,-0.61173,-0.28776,0.61546,-0.26264,0.014597,0.52471,-0.25411,0.50154,-0.10883,1.1194,0.4358,0.8551,-1.2175,-0.48058,0.81438,-0.6732,1.1823,-0.14319,0.69271,-0.50421,0.23523,0.14992,1.1973,-0.80809,-0.29394,0.4606,-1.051,-0.97391,-0.30168,-0.152,2.7124,-1.7199,-0.83709,0.84205,1.6805,-0.35428,0.59818,0.043252,0.17011,-2.7342,0.14182,0.34279,0.90286,0.74765,1.3793,-0.58565,1.0645,-0.18751,0.34496,2.0373,-0.068228,1.1751,-0.86594,-0.15708,-1.7225,2.2773,0.10614,-1.2185,1.4169,0.6989,0.8695,1.7783,-0.2595,-0.6328,-0.2084,-0.31019,0.40992,-1.3654,0.17422,0.46149,-1.0341,0.28005
0.30115,0.3936,-0.9551,-0.077797,-1.0765,-0.19724,-1.8011,-0.23555,1.3691,1.6572,1.6449,0.045464,1.1821,0.51407,0.3737,0.20795,0.65727,1.053,-2.5932,-0.14635,1.4095,-0.25282,-0.22541,-0.28487,-0.93216,-0.36334,0.17933,-0.34063,0.46909,1.8121,-0.96804,-1.8097,-0.2905,0.59413,-0.25647,0.43693,-1.1917,-1.1015,1.3139,-0.52721,-0.68523,-0.99108,0.56193,0.79299,-0.41846,0.83049,1.5457,-0.65352,-0.62132,0.85624,0.13247,0.23579,-1.2366,0.77961,-1.2364,0.081608,1.3629,-0.9479,-0.79135,-1.5265,-0.73348,0.027355,-0.74981,0.56399,0.17917,0.72131,-0.38274,0.13799,-0.10141,0.88928,0.28499,-2.066,-0.76219,0.48618,-0.24526,-0.89938,-0.70004,-0.20169,0.66783,0.52589
-0.89415,-1.2517,-1.2649,0.32585,0.47444,0.23312,-0.35288,-0.42977,-1.8062,-0.6032,0.037407,0.39148,-0.64507,-0.70141,-1.3102,0.5375,0.24344,-0.6362,0.75996,1.9868,0.18412,1.0703,-1.0006,-0.42894,0.89152,0.41691,0.28611,-1.2252,1.215,1.6431,1.0923,0.95271,-1.4309,1.0263,-1.074,-1.033,-0.48515,-1.8516,0.1352,0.31398,0.4656,-0.69486,-1.1228,-0.42701,-1.563,0.018496,2.3564,0.074533,2.0405,0.26275,0.45894,-0.14575,-1.929,1.1595,1.3182,2.0352,0.15553,-1.14,1.1117,-0.84068,-0.23266,-0.26036,0.61319,0.22375,0.91846,-0.37811,1.9273,1.6872,0.65243,-0.70108,0.32134,-0.013406,-0.5425,0.47054,0.36969,1.5061,0.19805,0.88375,0.30052,-2.5172
0.0072792,0.20017,0.50529,0.41892,1.6414,0.36531,-0.28991,-0.56311,-0.35208,-1.243,0.603,1.4289,-1.3282,0.29772,-1.311,0.14159,-0.66105,-0.46532,-0.56632,1.1923,-0.10716,0.044794,-1.2806,-0.79866,0.093553,-0.11077,0.19605,-0.1177,0.28464,2.2821,1.0027,0.9508,0.88756,-2.0211,2.0696,-0.98637,-0.089287,3.0001,1.9912,-0.34338,-1.0952,-0.038151,-0.10301,1.7163,0.70226,0.74898,1.7579,0.060972,-1.1008,-0.34733,-1.8779,-0.24386,1.6086,-0.83202,-0.072424,0.39305,0.1747,0.55118,1.0108,-1.2311,-0.27604,-0.066581,-1.061,-0.5387,0.4529,0.16068,-1.7738,0.3825,0.60481,0.29059,0.7232,-0.73239,-1.0931,1.0376,3.1291,0.6064,1.1169,-0.0333,1.6358,0.35354
-1.0761,-0.43439,-1.166,-0.042902,0.46977,-0.60029,0.030402,-1.3691,0.15509,0.22021,0.67414,1.3459,-1.8146,0.82254,0.46476,2.2706,1.6598,-0.94062,-0.036908,-0.53358,-0.027158,-0.57301,-0.69927,0.36493,0.65164,-0.44866,0.11148,-0.39201,-0.52161,1.5678,0.76894,-0.51638,0.50504,-1.8821,-1.0803,-1.2807,-0.90726,-0.62501,-0.31953,-0.084423,1.4785,-0.50072,0.23779,-1.7922,0.1589,-1.8115,-0.60486,2.7066,-0.056858,0.39911,-1.113,-3.0967,0.19613,0.33291,-1.3098,-1.0823,0.11439,-1.5538,-1.0498,1.1749,-0.2908,0.22374,1.3333,0.02165,0.16196,-0.35848,-1.0366,0.86385,-0.84621,2.0791,1.3706,-0.042288,0.93424,-0.6417,-1.9803,-2.6697,-0.31675,-0.49286,0.16486,1.0463
0.10243,-0.13183,-0.64791,-0.9648,1.196,-0.40529,0.52688,-1.3673,-0.78184,-1.2113,-0.79757,0.56709,0.89516,-1.4098,1.5218,1.1663,-0.032531,1.0599,-0.89507,0.2527,0.91791,0.015888,2.1033,0.43551,0.20278,-0.24524,-0.26372,0.15754,-1.0721,-0.41032,1.2055,0.18444,0.62034,0.094606,1.1011,0.69928,-0.89989,-1.4522,-0.393,0.26801,-0.20559,0.24956,-1.2605,0.28195,-1.1779,-0.18372,-0.58853,1.468,-0.78978,0.74164,0.48206,1.5927,0.80865,-1.602,-0.79145,-0.20591,0.32523,-1.6989,-0.3008,-0.59818,-0.39178,0.099235,-0.24162,0.32733,-0.90554,0.027973,1.0565,-0.27433,-1.8989,1.5217,-0.27757,-0.089479,1.3355,-1.7874,-1.0183,0.12493,-1.5667,-0.49571,-0.80621,-0.20275
-1.9184,-0.65001,0.31288,1.364,-0.11349,0.40842,0.038428,-0.14786,0.24088,0.48222,-2.8273,0.57668,0.59814,0.26792,1.4264,-0.23998,0.83904,0.98231,0.96847,1.2759,0.7149,0.89293,2.4287,-1.0746,-0.69299,0.25531,1.6485,0.6544,0.74919,1.1629,-0.095073,-1.1163,-0.60539,0.93,1.0255,1.81,0.11331,-0.8983,-0.85677,1.3493,-0.33575,-0.48981,-0.43707,-0.045044,0.1802,-0.48304,0.90026,0.27769,-2.3017,-1.1587,-0.73801,0.93901,-0.85084,0.8107,-0.55479,-1.1086,-1.1709,0.22375,-0.43575,-1.102,-0.37874,1.0894,0.16796,0.33824,-1.8786,1.4675,-0.66818,1.2324,-0.44908,0.72804,-0.66422,-0.83609,0.59215,0.46699,0.0085262,0.90079,-0.98549,-0.44658,0.58245,-0.96663
1.1472,0.42972,0.4362,-2.107,-1.0844,-1.7241,-1.7922,0.5847,-0.271,0.60639,0.98349,0.2002,-0.11764,0.39826,-0.10917,-0.67453,-1.8347,-1.5003,-2.3662,0.16682,0.11665,-1.8164,-0.84533,-0.24531,2.1068,0.8988,0.29304,0.01632,1.5364,1.1537,0.17661,-0.28054,0.41801,-1.7,0.3322,0.64387,-1.2079,-0.036834,-0.10129,0.68582,-0.47786,-0.37637,0.12331,-1.1966,-1.3588,-0.53839,-0.96699,-0.61454,-1.1767,0.84151,0.21573,-0.36374,0.063044,-0.98896,-1.3055,-0.32836,-0.60016,-0.90898,-2.475,-0.31403,0.67747,-0.38858,0.90267,-0.51794,0.65498,-1.3634,-0.8828,1.3888,-1.6063,-1.9691,-0.051341,0.076445,-1.9428,-0.39835,0.90053,1.9561,-2.081,0.20792,-0.37829,-3.628
-1.2146,0.19046,0.66398,-0.12837,-1.5775,0.80452,-0.42475,-1.16,-0.3438,-1.4399,-0.012047,-1.2965,-0.76282,0.23544,-0.60862,-0.18425,0.13566,-2.4918,0.44801,0.93779,-0.39856,-0.26734,-1.1528,-0.73807,0.038446,1.5319,-0.70517,0.28146,-1.2931,0.5837,0.29182,0.0031847,-1.2579,-1.635,-0.38629,0.93015,-0.50891,-1.3065,0.74053,-1.0097,-2.4252,0.76,1.5823,0.45476,0.52342,-0.63156,-2.34,0.26924,2.2331,0.76037,-0.22337,0.49004,-1.8408,0.79667,-1.1811,0.2711,1.24,-1.7528,0.42543,-0.5062,-1.1772,-0.69098,-0.96245,0.71425,-1.5592,-0.19764,-0.93646,-0.83263,-0.51477,0.95393,-0.28888,-1.2613,-0.79056,0.58449,0.4956,-1.0787,-1.0999,-1.542,-1.0537,-1.586
-0.43731,0.66148,-0.21718,0.61814,0.79032,0.39229,-0.16218,2.2618,0.49572,0.70916,0.62145,0.41295,-0.65857,-1.0604,-1.3074,1.6025,-0.95153,0.2466,-0.44586,-0.16112,-0.34038,-0.17228,0.21915,0.60571,-0.45927,0.21425,0.95842,0.76648,0.51804,-0.6147,-0.12568,-0.34132,0.31696,-0.21828,-1.1123,-0.43336,1.4176,0.25579,-1.6137,0.38977,-0.076942,-1.0424,0.71222,0.12138,0.99105,-0.88747,-0.18552,-1.0835,2.0439,0.45704,0.013432,0.10976,-0.34463,1.3561,-0.11933,0.050746,1.1229,-0.73168,-0.16798,-0.69932,-0.75304,-0.054837,0.64819,-0.53297,1.2272,-0.47215,-0.25351,-1.1847,-1.5285,-0.73941,0.92726,-0.65349,-0.13935,0.87411,-0.40468,0.61473,0.19128,-0.3156,-0.93776,-0.062245
1.5768,-2.4389,0.70791,1.4913,-0.47164,-0.16231,-0.01894,-1.1359,0.6648,-1.3537,-1.6781,2.8137,0.3017,-0.17285,0.02444,-2.3073,-0.79272,0.55888,0.87467,1.5971,-0.044749,-0.44897,-0.8038,-1.1228,-0.59805,-0.4019,-1.2875,-0.75334,0.63358,1.3747,-0.82334,-0.69557,0.02362,-0.89723,-0.63685,-1.3866,0.21787,1.308,0.32341,0.42428,-0.15896,0.29416,0.48416,-0.52163,-0.23797,-0.13755,-1.2497,-1.1812,1.3196,-1.6429,0.46301,0.5002,-0.58948,1.6275,-0.13835,0.45,1.7217,-0.12444,-0.85609,0.062828,-0.099036,0.50889,0.65172,1.0275,-0.0018743,0.6494,-0.090883,-2.8182,0.24188,-0.65991,0.30611,1.3951,-0.14061,-0.33723,0.37314,0.17774,0.92608,1.1185,-0.52469,-1.7639
-1.2974,-0.73704,-0.42412,-1.4239,-0.55913,-0.16902,-0.0097864,-0.27267,0.76281,0.091271,-0.5927,-0.76555,0.37522,-1.5752,0.8431,-1.0547,1.5445,1.2515,-0.33955,-0.41419,-0.35452,-1.6095,0.60318,-0.49889,0.25462,0.079651,1.1371,0.91484,1.3465,1.8931,-0.10298,-0.30829,-0.16159,0.52807,-1.8022,1.3773,-0.26935,1.1194,-0.61078,0.35199,1.6327,-0.76361,0.58511,0.064684,-0.37085,0.22343,0.30543,0.92948,-0.78281,-0.73223,-0.72589,0.13886,-0.65601,-1.198,0.94785,-0.19002,0.68037,-0.74243,-0.92834,-0.56335,1.3392,2.6481,-0.93084,0.57169,-0.7267,0.20677,1.9685,3.4439,-0.84651,0.8958,-0.018895,-0.87701,-1.5473,0.29044,0.092362,0.012173,1.0191,0.47455,0.24718,0.82569
0.0024398,0.15248,-0.50875,-0.33461,0.60088,-0.51911,0.83981,-1.1718,1.0591,0.3637,-0.056639,-0.71112,0.56253,0.42696,0.65928,-0.0047406,0.42415,-2.0183,1.3454,-0.86533,0.43275,-1.3234,-1.2496,-0.0025363,0.2691,-0.44378,0.034878,0.86947,0.24621,-1.0506,-0.10337,-0.81484,0.1629,0.044545,-0.84714,-0.47196,-0.2532,-0.14626,0.22017,0.50809,1.3498,-1.0296,-0.42197,0.28198,-0.1821,-2.2418,0.38187,-0.85977,0.40235,-2.0973,-1.4149,-1.4314,1.2954,0.29207,-1.1368,-1.998,-0.52501,-1.2271,0.38775,2.2444,0.65949,1.5462,-0.060591,-1.0121,0.42604,-0.19126,-0.76997,0.47425,0.86039,-0.64626,1.6245,-0.56591,-0.15266,0.33035,0.14221,1.2388,0.23651,-1.5647,0.58326,-0.94203
0.15337,-0.45757,-1.0447,-0.64642,0.9794,0.70923,-2.0114,1.8345,0.7177,-0.77374,-0.84986,-0.29666,0.50039,0.13477,0.26538,-0.38157,0.5603,0.78691,-0.78774,-0.023192,-1.7362,0.07695,-0.50668,0.16266,0.21419,-0.14658,-0.026273,1.3339,-1.283,0.77723,0.057032,-0.64332,1.3155,-1.307,0.40898,0.70841,0.25576,0.41594,-0.24763,-1.9613,-0.84156,0.45477,2.3423,-0.23868,-1.5272,-0.3437,0.5048,0.034259,-1.8456,-2.4004,-0.23553,0.3687,0.7275,-0.35033,-0.92663,1.9396,1.1106,-0.040274,0.14297,-0.74748,-0.23655,-0.35068,0.50629,-0.9068,0.37683,1.1444,-0.03173,-0.65027,-0.72158,-1.1278,-1.0501,-1.8596,-1.5983,0.091294,-0.38618,0.43554,-0.07919,-0.46953,2.129,-1.0366
-1.0607,-0.25683,-1.7538,0.58421,-0.98266,-0.5847,0.37992,0.6979,-0.30948,-1.5327,0.70654,-1.5758,-0.67037,0.079094,0.32361,-0.34108,-0.66451,-0.71177,1.4443,1.3439,0.57178,0.60198,0.19537,0.60823,2.509,-1.6908,-1.0615,-0.047647,-1.1545,-0.53724,0.11879,0.97311,2.117,0.14398,0.41704,0.54516,-0.20567,0.079656,2.5594,0.25978,-0.74872,-0.87227,0.024774,-1.183,-0.14456,0.34515,0.73914,1.4442,-0.4402,-1.6013,-1.6104,0.5236,-0.52931,-1.1495,-1.8026,1.4178,-0.045048,-1.7906,-1.6424,-0.47817,-0.018102,0.060193,-0.20262,-0.087591,1.4651,0.47268,-0.11827,1.6716,1.2068,1.7102,-0.83721,1.2248,0.71165,0.485,1.812,0.52256,-0.4807,-1.1912,0.09477,1.3457
-0.015447,-0.74371,0.96504,-0.8874,0.30749,1.052,-0.52455,0.64168,0.55757,-1.754,0.87937,0.20802,-1.1188,0.28889,2.1509,0.75947,-0.59373,-0.61974,1.3181,-0.20514,1.0235,-0.045676,0.44485,2.0791,-0.56937,-1.8218,-0.62483,1.5652,0.078884,-0.28989,-1.4559,1.201,0.0043239,1.274,0.10735,0.49223,-0.69328,0.51299,-0.86873,0.34196,0.27032,-1.1551,-0.32849,-0.85334,-2.0564,-1.4693,0.53127,-0.26116,-0.81029,0.52468,1.1525,0.46888,1.1473,1.7976,-1.345,-0.58352,0.8477,0.29145,1.246,-2.876,0.11914,1.2596,0.6106,-1.0377,0.47007,-0.74047,0.11946,0.48555,-2.4963,-1.6815,0.3112,-1.1512,-0.24119,0.057292,-0.1343,2.3813,-0.54093,0.83407,-2.2612,0.93382
-0.6188,1.0595,-0.28848,-0.80641,0.52865,1.0846,-1.7174,-0.3243,-0.11596,-0.53365,0.02437,-1.5794,1.9321,0.51492,-1.8929,1.3605,-0.082905,0.036511,1.054,-0.75264,0.040031,0.2372,-1.7103,-1.4654,0.4708,0.19805,1.6896,0.8359,1.6371,0.1777,-1.1114,-1.6174,-1.145,0.1539,-0.45419,-1.8123,2.1788,-1.4222,0.83445,0.64014,0.1811,0.23497,-0.068972,0.29873,0.53829,-0.048726,1.0327,0.25303,-0.20616,-1.362,-2.0774,1.0429,0.20205,-1.3236,-1.2237,-0.70747,-0.16394,-0.73075,0.7065,-0.27685,-1.4268,-1.8779,-1.3202,-1.0563,-0.18869,-1.2401,-1.7132,0.12697,-0.52173,0.89545,2.2721,-0.38905,0.30411,0.43637,1.2414,-0.22842,-1.1342,0.40649,-0.0082458,-0.65808
-0.017107,-1.1822,0.88445,0.47372,-1.1384,0.33382,1.0124,-0.036373,-0.4526,0.54262,0.25262,-1.661,0.22728,0.82326,-1.4232,-0.99367,2.3729,0.38266,-0.43227,-0.02264,-1.0625,0.17549,0.2848,0.27547,-0.73449,0.34582,-0.77425,-2.3692,-1.0906,1.4342,-1.1381,0.011068,-0.14994,1.0521,-1.209,-0.27875,0.061521,0.41978,-0.25393,-0.34855,-2.113,0.88515,-0.36073,-0.22067,0.79937,0.45319,1.355,-0.27438,1.3548,1.1014,-0.052819,1.431,-0.98591,2.1863,1.2312,-0.11811,1.7933,-1.4398,0.43845,-0.59528,0.020285,-0.54363,-0.3467,-0.73589,0.10723,1.5497,1.0184,0.6485,-0.31064,-0.10275,0.84257,-0.67983,1.2516,-0.77371,-0.014442,1.353,-0.82147,-0.015638,-1.3033,0.71378
0.97833,0.80476,1.3947,0.041951,-1.979,-1.2133,0.83984,-0.99073,-0.62074,0.76985,1.0167,0.12586,1.564,1.0495,0.30833,1.0437,1.1054,-0.1835,-0.19379,0.57896,0.87722,-1.3706,0.092954,2.1023,-1.9695,-0.16904,-1.4087,-0.81942,-0.59678,0.76973,-0.61944,-0.061336,-0.97952,0.73289,-0.13387,-1.6458,0.35496,-1.966,-1.4514,0.7543,-1.3953,-0.60746,0.55243,-0.75312,0.33387,0.64688,-1.3284,0.4418,-0.19007,-1.5819,1.0841,-0.76707,-1.2058,0.39753,0.31726,-0.75138,-0.26214,-0.29708,-0.9607,0.78233,-0.3755,-0.28041,-1.1006,-0.36994,1.9594,0.089758,1.8153,1.3352,-1.0489,-0.52891,-0.57761,-0.35628,2.0787,0.51705,0.45169,0.61461,0.65919,0.38198,-0.35015,-3.0687
1.2087,0.79869,-0.96163,0.57567,-0.84606,0.64843,0.29223,0.92118,2.5388,0.0012974,0.35162,-1.961,-0.09305,-0.73849,-0.57277,0.833,0.54762,0.48898,1.0085,-0.66337,-0.023555,-0.07973,0.25639,-1.8014,-0.44268,0.8931,0.64639,1.0948,-1.2782,1.4898,0.13649,1.6297,0.18734,-0.13244,0.57854,-0.095085,-0.30143,-2.0379,1.0954,0.30386,-0.13115,0.19873,0.35762,-1.1706,0.91026,0.40772,-1.9589,-0.95626,-1.0256,-0.24963,0.94761,0.72244,0.84066,0.12337,-2.3726,-0.34006,0.23608,-0.15087,0.69808,-0.19127,0.94506,0.73403,0.37459,0.81265,-0.80147,0.73214,0.136,-1.4777,0.46984,0.064594,-1.2549,-0.48629,-0.63452,1.0138,1.1478,0.9417,-0.60355,1.0381,-1.0472,-1.7235
-0.1289,0.94304,0.55633,0.33214,-0.61778,0.67541,2.4607,0.68638,-0.37059,1.0971,-0.33755,0.75471,0.70587,0.77538,-1.4784,-0.27495,-0.40616,-0.6801,1.1462,1.1853,-0.42717,0.24571,0.099753,0.96164,-0.63618,1.3301,1.1829,-0.38185,-0.63837,0.33987,-0.4467,-0.1245,-0.29046,-0.14762,0.16916,-0.6264,-0.90142,-0.20471,-0.19926,2.1363,1.4926,0.68478,-0.6663,-2.6666,-0.87237,0.50774,0.91783,0.38368,-0.34127,0.86529,0.11675,0.90828,-0.81115,-0.36818,-0.76088,-0.31733,1.7885,0.76632,-1.2557,0.17257,-0.077743,-0.30204,0.39437,1.1303,0.76526,0.76226,-0.60064,-1.1065,-0.051137,-0.85472,-0.21044,-2.0998,0.19398,0.22073,0.24715,-0.17469,1.0413,0.088301,0.41725,-0.3087
-1.2908,-1.1744,-0.32196,0.41266,-1.4162,0.8474,-0.63778,0.12054,0.13604,1.136,0.51338,-2.5476,0.24221,-1.9455,-0.0020912,1.9735,1.6346,3.1582,-0.11737,-0.70519,-0.30595,-1.3431,1.2539,1.9471,-0.078202,0.57658,-0.294,0.46052,0.27753,1.0811,0.86933,-0.29506,-0.55853,-0.35729,-0.035927,-0.98053,0.39208,-0.92921,0.78374,0.89578,-0.31602,-0.8974,-1.4979,0.90747,1.2763,0.51193,-0.49423,0.78062,0.228,0.48479,1.7914,-0.4278,0.60378,-0.80702,0.26087,-0.70526,1.1428,-0.83913,0.21913,-0.30893,-1.3589,0.59399,-1.276,-0.32279,-0.59463,2.3085,0.53444,-0.2366,-0.57418,2.2613,0.18246,-0.34304,0.61177,0.14961,-0.80483,-1.3804,-1.6386,0.3646,0.8316,0.51375
0.10204,-0.17986,-0.19242,1.0829,0.43737,-0.087941,0.13074,-0.14605,-1.2522,-0.013143,1.6806,-0.74435,-0.35382,-1.5272,0.79544,-0.42933,1.8829,-0.16312,0.26017,-0.46967,-0.14908,-0.52905,0.54497,-0.2091,-0.61096,0.23921,-0.016799,0.09527,0.485,-0.77134,1.1606,-0.87898,-0.66846,-0.78588,0.57387,1.5161,-1.7401,-1.0169,1.2845,-0.12807,0.63466,0.37877,0.7261,0.6013,-0.72871,0.060369,0.14181,0.030275,-0.4098,0.32123,2.2539,1.2087,-1.3868,1.6733,0.94694,1.6235,2.1567,-0.80111,1.7557,-0.82295,0.77497,0.22866,-0.33113,0.075229,1.0624,-0.20925,0.31574,-0.59253,-0.41033,1.0781,2.5434,0.64362,0.24169,-0.090495,-0.27064,0.72258,1.8105,1.5276,0.39368,1.7756
-0.042846,0.64099,-0.22006,1.2986,-1.5238,-0.62238,1.3577,0.86879,0.38592,-2.5216,0.48408,-0.091538,-0.1377,0.68629,-1.0226,-1.2358,-0.0097179,0.1013,-0.49962,-0.25968,1.6936,1.0626,1.0408,1.8551,0.36684,-1.7518,-0.41793,0.44502,-0.087717,-1.0154,-0.50187,0.33423,-0.28658,1.3237,0.63881,1.179,1.1924,0.83761,1.0559,0.89794,-0.46935,0.28225,0.42215,-0.56454,1.4739,0.61384,-1.3124,0.81044,0.21714,0.71667,-2.5693,0.075794,-0.80609,-0.48518,-1.2403,0.19291,0.13371,0.57637,0.35845,0.96451,0.84978,-0.023248,0.21375,-0.34275,-0.18323,-0.40599,0.55407,0.73047,2.0071,-0.7333,-0.56395,0.22623,-0.59821,-1.6232,-0.86515,0.67566,-1.2457,-0.57739,-0.16051,-0.71342
-0.96048,-0.83295,-0.15083,1.1673,0.30239,-0.88567,1.5474,-0.208,-0.52465,-0.49859,-2.6306,-1.0427,0.30668,-1.4442,-1.0095,-1.8286,-2.2001,0.39033,-1.1515,-1.2637,-0.84727,0.28869,1.5312,0.014023,0.84981,-1.7756,-0.47774,0.98769,-0.48851,1.0135,1.2635,1.9486,-1.3134,0.34145,0.096175,-1.0456,-0.75827,0.14972,-0.23343,-0.11464,-1.1875,-1.5403,-1.1737,0.46408,-2.8273,-2.3292,0.19263,-1.0155,0.84832,0.42452,-0.60957,-0.336,-0.5995,-0.24099,0.65883,-0.70163,-0.99474,-1.1374,-0.85405,-0.64541,0.46861,-1.1936,-1.6564,0.20077,-1.4725,0.09874,1.4524,0.88405,-1.1468,0.32642,0.62408,-1.3115,-0.006001,-1.2718,-0.2953,0.67519,-0.10083,-1.6671,2.2695,-0.20775
0.066804,0.78338,-1.1931,-1.5549,-0.20986,-0.81159,0.87832,0.69091,-1.2219,1.3305,0.46405,1.3993,0.88763,-0.74053,-0.11309,-0.19197,0.33741,0.7983,1.8245,0.31267,-0.68337,-0.58254,-1.1742,-2.0574,1.9289,0.38661,0.39052,0.59973,-1.2569,-0.70642,-0.85335,1.163,0.89706,-0.092466,1.6315,-0.023257,0.60946,0.1847,-0.96851,0.0012815,0.51149,1.1589,-0.17267,-2.0213,-0.58161,-0.91732,0.5148,-0.0003508,-0.1065,0.49484,-0.7463,-0.090018,1.7013,0.53887,1.2389,-0.98443,-0.51126,-0.39501,0.05235,0.94339,-1.7914,-1.5972,0.27945,-0.29705,-0.28875,-0.65611,0.61936,1.2263,1.2595,0.43304,-1.6546,0.4514,0.73106,-1.2537,0.93806,0.68883,1.2722,1.8585,1.3832,1.5798
-0.33073,-0.59841,2.7986,-1.2091,0.0059502,-0.77601,-0.18669,0.79197,0.27518,-0.32485,0.76763,-0.55113,0.17269,0.14249,0.32836,-2.4562,1.4493,-0.20907,2.0562,2.0994,-1.4738,-0.81776,1.3105,-1.2345,0.89921,0.66982,1.2263,0.57272,0.96286,-0.13986,-1.0145,-1.5532,-0.34537,-1.781,-0.67377,-0.68259,-0.57734,-0.76918,0.20147,-0.29318,-0.72357,0.35227,0.86306,-0.31606,-0.00087799,0.41064,1.4742,-0.002699,0.56631,-1.053,0.34699,-0.57238,-0.649,-0.27378,-1.0963,0.095849,-1.1405,0.10451,-0.3032,2.1275,-0.59196,-1.866,-0.3321,-0.95314,-1.2641,-1.2176,-1.1108,0.57311,2.1584,-0.080025,0.13066,-0.74968,0.8582,0.71671,0.76649,1.02,0.44108,2.6793,1.5515,0.56012
0.80669,1.3122,0.61876,-0.76313,-1.9142,-0.055902,0.66913,0.62382,0.18665,0.033461,-1.1394,0.53349,-0.61632,-0.5395,-0.64324,0.16694,1.3094,-2.5982,1.5738,0.951,-0.44724,0.20132,0.031432,-0.01782,-0.8182,-0.24197,0.3403,-0.2969,-1.1289,1.7264,0.2604,-0.87483,-0.37113,1.3075,-0.47767,1.3503,1.3038,-0.66996,-0.40266,-0.32386,-0.31276,1.3025,1.5829,1.3539,-0.17037,0.34377,-2.1458,-0.73545,0.76694,-0.63959,0.559,0.7813,1.7569,-0.73609,1.0728,-1.3451,-1.4792,-0.062872,-0.078241,-1.493,-1.9455,-0.070986,-0.41291,1.0229,-1.1858,-0.61856,0.96056,-0.52211,-0.054453,0.94402,-1.2599,-0.14141,0.83364,0.38569,-0.02312,-0.97984,-0.12861,0.58087,0.90281,-2.713
1.7682,-0.54594,1.0489,-1.1348,1.0577,-0.40263,0.42815,-0.07492,-2.1081,-0.10473,-0.071612,1.3308,0.73649,-1.1745,1.4673,-0.2522,0.713,-0.24565,0.1871,0.090028,-0.64448,-0.82824,-0.082272,-1.6331,0.34947,0.0073642,1.6274,0.089965,1.2261,-0.7533,-1.9651,0.40019,-0.69954,0.86491,-0.32585,0.59344,-0.022728,1.094,-0.51667,-0.36183,-1.3049,-0.25716,2.0995,-0.043496,-0.91028,1.6456,0.93935,-0.029261,-1.9596,-1.1774,0.93546,0.56774,-0.95375,-0.21488,0.06711,-0.52901,1.6949,-0.4213,-0.16986,1.8297,-0.42757,0.9498,-0.02566,-0.4158,1.7559,-1.3399,0.46001,0.51096,-1.5042,0.62216,1.1778,2.2461,-0.33823,0.18244,-0.2856,1.2043,0.45542,0.14077,0.92467,1.3797
-0.11728,-0.3337,1.0725,1.2643,-1.2132,0.033591,-0.6577,-0.74281,-1.2112,-0.075423,-0.58196,0.28132,-0.52593,-0.18673,0.32452,1.1371,0.0024472,0.7116,0.27806,-0.085368,-1.3751,0.053117,-1.0788,0.22331,-0.15049,-0.39822,0.54794,-0.27223,-1.115,0.53131,0.80632,0.7733,-0.1039,-0.84743,1.0249,-1.3039,0.50139,-0.11342,-0.48126,0.13298,1.5882,0.20152,1.2004,-0.50377,-0.94057,0.19388,-1.2388,-0.099328,-0.40014,0.065178,0.50634,0.42189,0.16969,0.78968,0.52811,-0.66687,0.34254,-0.80122,2.8322,-0.692,0.11343,0.50353,-0.28746,-0.26581,0.54327,0.10475,-0.0013628,0.084231,1.3641,0.51609,-0.77821,0.078339,0.30457,-0.7294,0.067121,1.6452,2.055,-0.86959,1.0975,0.68846
1.5285,-1.1652,0.67188,-1.4829,-0.29705,-0.16614,-0.44341,-0.98484,1.0014,0.45698,0.89149,-1.6862,-0.33621,-1.6141,-0.55661,0.031316,1.2945,1.7957,-0.66527,0.86651,0.56046,-1.5567,0.11914,-0.079142,0.18245,1.0533,-0.13788,-0.13746,2.2914,-1.0854,-2.0766,1.1191,0.64099,0.088888,0.038971,0.6528,-1.8051,1.5947,-1.9538,-0.44921,0.028168,-0.12501,0.6578,-0.072218,-0.84637,0.76263,-0.33075,-1.1407,0.90219,0.4034,-1.4182,-0.60849,0.61074,0.52234,-0.52214,1.6507,-1.1941,-1.2918,0.54683,-2.8863,-2.8852,0.53084,1.6367,-0.31859,-0.60296,-0.34605,0.88714,-0.19397,0.56919,0.95687,-0.47053,0.6236,-0.10442,0.3592,2.3367,0.18801,-0.74268,-1.2463,-0.67901,-1.3498
0.26782,0.8545,0.50039,-0.59019,0.40528,1.0581,-1.7191,1.7661,1.3023,-0.19766,-1.206,0.53312,0.34173,-0.37793,-0.60571,-0.77296,0.69418,0.3685,0.38185,0.30593,-0.3906,-1.0989,-0.24273,-0.57202,-0.24301,-0.67804,0.39061,0.22115,0.66239,-1.8792,0.75225,0.3252,0.21312,0.58983,-0.020121,-0.95689,-2.2553,0.64007,0.42321,-0.77615,-0.55354,-1.1284,0.91391,0.68562,-1.1862,1.3744,-2.2056,-0.51208,0.2919,0.79711,-0.67123,-0.64463,0.043697,-0.75055,0.61848,-1.6336,1.3806,0.87007,1.8988,1.4806,0.53781,0.44422,-1.4,0.28721,2.4072,0.78939,0.71276,-1.3433,-0.0049657,0.83756,-0.49919,-0.16024,0.22246,-3.0347,0.28938,-0.18993,2.0176,-0.37343,-0.59731,0.60356
-1.9345,0.054841,0.34007,-1.6752,0.19709,-1.1134,0.60296,1.2482,0.37013,-0.38514,-0.7143,0.3261,-1.5009,-0.73993,0.19981,-1.7478,0.17746,0.51054,-0.23391,-0.76892,0.40028,-0.48955,0.96546,-0.31852,1.0673,-0.75955,0.74807,1.4633,0.44981,0.59511,-0.95958,0.010115,0.36566,-1.5894,0.21168,-2.0128,2.5084,0.32013,-3.0389,-1.0303,-1.4855,0.2035,-0.97059,-0.96254,-0.22745,-0.030177,-0.47452,0.5731,1.1552,-0.49124,-1.213,1.3451,-0.58557,-0.78569,-1.1202,1.5713,-0.32733,0.68854,0.55635,-0.075665,-0.021026,0.65978,-1.0233,0.88898,0.55134,0.12024,-0.24357,-1.5943,1.4386,-0.23601,0.53865,0.75752,-1.318,1.1813,1.7836,-1.6915,0.5965,-0.42579,-0.28016,1.8451
3.0872,-0.69177,0.59045,-0.31745,0.36842,-0.49811,-0.51383,0.69045,0.42383,-0.11106,2.2398,-0.68047,1.2879,1.2108,-0.27859,1.4438,0.33077,-1.0607,-0.49932,0.34986,1.5938,-0.046253,-0.28315,0.018739,-0.0050949,-0.27332,-0.89065,-0.96794,0.31933,0.41142,-0.8628,-0.1325,-0.44529,0.16747,-0.11096,-0.10197,-0.98044,-1.237,-0.52848,0.3458,-0.5119,0.30477,0.48209,-0.21798,-1.6232,-0.13768,0.29097,0.45866,-1.9214,-0.98124,-0.54794,0.31777,1.2243,-1.2677,-0.53256,0.093223,-1.1563,-1.5577,-0.18128,0.1913,-1.4159,0.38517,-0.17366,2.0302,-1.0206,1.4451,-0.83939,-0.011468,-1.1139,-0.26023,0.67374,-1.5306,1.3878,0.71542,-0.73935,-0.087281,0.76303,0.38372,0.35801,-1.6212
0.55102,3.2321,-0.090518,-1.2742,0.23207,-0.40673,-1.0694,1.559,0.11802,0.75923,0.289,-1.8517,-2.427,0.29123,-1.6392,0.95645,1.158,0.52942,-1.6418,-1.1188,-0.63522,0.040135,-0.49865,0.11204,0.82855,-0.70743,-0.18919,-1.1756,-1.0533,-0.69209,0.11444,0.6197,0.088129,-1.4966,0.5751,0.51926,-0.37177,1.541,1.625,-2.02,0.41462,0.059905,0.063819,0.44497,0.16088,-1.1456,-0.06693,1.1535,1.1957,-1.2749,-0.019534,0.48976,0.68589,1.2623,-0.17667,-0.56329,0.12625,0.03479,0.46031,-0.78297,-0.45617,-0.48055,-0.35682,-0.51007,1.2805,0.62667,-0.0557,0.093888,1.2591,0.7412,0.31749,-0.61617,-0.10347,-0.26139,-0.28815,-0.22168,-0.058773,-1.6177,-0.99053,0.40186
-1.6279,-0.13575,0.95171,0.39041,-1.1075,0.0064414,1.3709,-1.1355,-1.4464,-0.042429,-0.73568,-0.67439,1.5194,0.30438,-0.79578,-0.26765,0.39518,-2.7964,-0.051344,0.07055,-0.078482,-0.65282,-0.56814,-1.402,-2.6387,0.083337,-0.94446,-1.6328,0.52637,1.1766,0.4532,0.035224,0.16961,-1.1663,-0.24894,0.085518,-0.97362,-0.85895,-1.0787,0.42708,0.18747,-1.1075,-1.26,-0.4381,-0.56217,0.73356,0.030349,-0.21139,-0.85029,0.78992,-0.28371,1.0606,-0.17831,0.78905,-0.69201,0.54893,0.21934,-1.389,-0.22557,0.77818,1.4235,0.70666,-3.241,1.0904,1.5231,-1.3405,2.2361,-0.92444,-0.20114,1.2938,0.41178,0.19349,-0.44765,-1.2086,0.082612,-1.4982,1.1552,-1.3905,-0.48298,1.7328
-0.034699,1.5279,-1.1942,-0.40007,0.50102,1.0595,0.167,-0.11694,-0.027738,-0.80562,0.21955,-0.39202,1.5391,-1.9255,1.2852,0.6795,-0.14055,0.8788,0.126,1.0931,1.4591,2.449,-0.82003,-2.3675,-1.1364,-0.31255,-0.67899,-0.79006,-0.27264,-0.57469,-0.55125,0.83634,0.56326,-0.11026,1.858,-0.80583,0.17002,1.6892,-1.4951,1.2554,-1.9983,1.7594,-1.2026,-0.91942,0.23161,0.92048,-0.021798,-0.82589,-0.55753,0.50779,1.8115,-0.68545,-1.0032,1.0323,0.43132,-0.52203,0.8572,-0.48245,0.92808,-1.7226,1.5037,0.051779,0.52171,0.17392,-0.52579,0.43096,0.45007,-1.805,2.0232,0.20067,0.17004,-1.1712,-0.75297,-0.24322,-0.15555,-0.15203,-0.577,0.52715,0.18018,-0.40381
0.74984,-2.0461,0.22125,0.087135,0.88466,0.35349,0.090563,0.24833,-0.040813,0.66136,-0.89876,-0.023869,-0.41565,-1.8171,-0.49434,0.74196,-0.11793,-0.39871,0.40984,0.67922,-0.68601,-1.0463,0.68884,-1.0645,-1.0479,-1.7918,-2.1136,0.28979,0.035015,-1.1828,-0.12816,1.859,0.46775,-0.83116,0.31653,-0.93082,-0.54277,-1.2322,-1.0252,-0.28418,0.70683,-0.90528,-1.7706,-0.59143,-1.1433,1.0827,0.12262,1.7981,0.31232,-0.051285,-1.2322,-0.79852,-1.5126,-0.12648,-2.4805,0.59796,0.34932,0.79859,0.22753,1.6543,0.50837,-0.29408,-1.409,0.061985,0.8225,-0.27747,-1.3713,-1.5064,1.5177,1.2604,0.32494,-0.57592,-0.52426,0.12612,1.0476,0.20243,1.9227,-0.5518,-0.49627,0.52818
-1.0855,0.40541,0.95115,-1.0635,1.1536,0.084032,2.3471,-0.86522,-0.27984,0.36359,2.0889,-0.83693,1.3197,-1.9519,0.099,1.5376,-0.077883,-0.89162,0.87804,-1.4053,-2.2508,0.89238,-1.3469,-0.08879,1.417,-2.0617,0.27997,-1.9392,1.1806,2.2667,-0.51656,0.001085,0.19072,-1.5643,0.67243,-0.051493,1.9642,-1.5126,0.54268,-0.21506,1.0813,1.628,-0.5724,1.8686,-0.29748,-1.0652,0.26452,-0.48752,0.52685,0.48389,0.3111,-0.80128,-0.24677,-1.8316,-0.020829,1.7355,0.62383,1.0013,-1.8221,0.3939,0.91468,0.32732,-0.65522,0.66882,0.22592,-0.56349,-0.66981,-0.5271,-1.1847,0.38218,-0.22325,-0.57049,0.20788,1.0367,1.4555,-0.93428,0.19324,-0.46284,-1.6201,0.81324
0.40464,0.52762,-1.0198,0.41336,0.54158,-0.43433,-1.4348,-0.88883,1.0292,-0.37325,-0.96256,0.32982,-0.44484,0.34073,-2.6518,0.76717,-0.05817,0.98407,1.5551,1.4481,0.10373,-0.18561,0.074144,0.25082,-0.98565,0.20516,-0.31004,0.40528,-2.0889,-1.0502,2.0768,-1.6239,0.22007,-0.42792,0.63479,1.1565,1.0695,1.1569,-0.50198,2.3417,0.87492,0.58253,-0.32509,-1.9303,-1.3389,0.4977,0.59152,2.8414,0.63536,-0.32084,1.1729,-0.54978,-0.22433,1.3274,-0.40434,0.011151,-0.28039,0.35901,0.29845,-1.618,1.0631,-0.57413,0.015501,-0.073144,-0.64418,-1.4964,0.92791,-1.0228,-0.81488,-0.015868,0.037191,-0.2898,-0.018553,-0.46052,1.5693,0.58642,-0.082508,-0.21028,-0.88971,-1.5319
-0.90515,1.2235,0.93329,-0.4608,-0.0097863,0.66403,-0.89399,-2.2587,-0.25595,0.1138,0.31626,-0.13638,-1.5999,-1.5958,-1.5687,1.4037,-1.2701,2.276,-0.113,0.34368,0.13168,0.81511,0.68895,-1.7183,0.12809,0.19045,-0.47518,0.4751,-0.70147,-0.51399,1.3749,-0.20955,-0.40742,-0.19588,-1.1114,1.0233,1.7254,0.2097,0.48577,1.5738,-0.31779,-0.089639,0.46339,0.046563,-0.52432,-0.36721,0.34666,2.2164,-1.1228,0.97715,0.76429,-0.67793,0.4627,0.26496,0.12376,0.50086,-1.1397,-0.79657,0.39588,-1.2475,-0.18678,-1.3624,-0.88105,0.88482,0.25752,0.98093,0.085962,0.54181,0.9514,-0.58925,-0.33184,2.0454,-0.46143,-0.72874,-0.085269,-0.089445,0.15341,-1.9398,-0.2104,-0.15913
0.34773,-0.53721,-0.89584,0.11279,-2.2012,1.0446,0.65602,-0.45123,-0.17064,-1.8678,0.72533,0.0043561,0.44788,1.5157,-0.11538,1.1323,-1.0629,-0.99297,-0.018637,-0.20129,0.91789,0.31903,1.3026,-1.0799,-1.0788,1.2851,-1.0438,-0.59954,-1.5829,-0.93857,-0.36332,1.178,-0.74976,0.3573,-0.61708,1.3336,0.16851,0.67682,-0.20285,1.3975,1.363,-0.53326,-0.64623,0.4137,0.95523,0.75091,-0.87559,1.0117,0.40985,0.71452,0.20751,-0.83639,0.89239,1.373,0.52175,-0.41754,-0.23336,0.42049,0.53888,0.7472,0.36657,0.66485,-1.3146,0.18443,0.095222,1.4622,-0.045043,0.085608,-0.83759,-0.39077,-1.1714,-1.1833,0.27203,0.14909,-1.8646,0.089357,1.0843,0.44265,-1.0424,0.29683
-0.60452,0.28716,-0.76154,0.53263,0.090637,0.69542,0.63635,-1.0118,0.49991,-1.8729,1.5359,1.5201,-1.4782,0.22781,-0.51817,-0.2712,-1.097,0.33531,-0.23188,-0.01207,-0.54208,0.21393,-0.41308,-0.25724,-1.175,-0.11349,-0.92236,0.78139,-0.35704,0.59287,-0.18253,-1.429,0.12377,0.47082,-0.26421,-1.4515,-0.28443,0.11507,-0.090162,-0.10095,-0.33528,0.32431,1.3662,-1.3555,-1.3449,0.79105,-0.45878,-1.2632,1.3863,1.0872,-0.50055,1.3669,-0.88958,-0.58157,-0.12611,-0.27123,0.66929,-0.13574,3.7064,0.30547,-0.35835,-0.18903,2.796,0.080273,0.41748,0.247,0.13092,-1.6853,0.69795,0.12908,-0.28004,0.62517,-1.1796,0.38176,-0.31497,0.62365,0.68142,-0.87767,-0.17261,1.6779
1.11,-0.24936,-2.2325,-0.10431,-1.8849,-0.085736,-0.74591,-0.024958,0.65429,0.39845,0.19235,-1.2858,1.5298,-1.0717,-0.47226,0.37732,-0.95346,-1.9534,0.95872,1.3317,1.1364,-1.7423,-0.2362,-1.1074,-0.083099,-0.70336,-1.1274,0.025236,-0.049346,-1.5186,0.14616,-0.87348,-0.4796,0.22026,-0.19944,1.5792,-0.10129,-0.52441,-1.3886,0.69436,0.80357,-0.35428,0.17138,0.67171,-1.7657,-0.18884,1.3428,0.65102,-0.89234,-2.1048,0.20635,-0.17427,0.96768,-0.23486,0.67629,-1.2396,-0.79135,0.57362,0.8923,0.62798,0.84528,-0.74405,-0.91306,0.40824,-0.52261,-0.75294,0.37244,-0.46454,2.1396,-0.13131,-0.10039,0.51684,0.23281,-0.15883,1.0774,1.2742,-0.57905,-0.12544,-0.653,0.60319
-0.73869,0.65144,-0.049483,-0.97246,1.0284,-0.49246,0.26454,0.41267,-0.072029,-0.52694,1.2376,-1.1049,1.4863,0.28632,-1.1793,0.40467,1.4669,1.5403,-1.4004,1.2866,2.9406,-0.16826,-1.1701,-0.061203,-0.084009,0.7546,-0.25866,-0.20323,0.42738,0.49966,-1.4548,-1.9861,-1.2317,2.571,0.53971,0.38965,-0.23247,-1.1602,-0.49507,1.0323,-0.35879,0.58039,1.0025,0.48984,-0.5492,-0.71833,-0.12501,-0.45077,-0.10838,-0.20892,1.4598,0.24911,0.22351,-1.4596,-0.087787,0.12674,1.6853,0.73751,-1.0076,-1.7198,-0.17822,-1.4214,-0.31671,0.80847,0.38241,-1.2431,-0.36839,-2.3872,-0.16401,0.32376,1.1581,-0.53279,-0.71431,1.234,-0.05781,0.091736,1.1265,0.22391,-1.7607,-0.52189
-0.61634,-0.9102,-1.1891,0.6937,-0.40168,-2.0091,-0.29678,1.5369,-0.41366,-0.55902,-0.70908,-0.21117,-0.2591,1.6271,-0.029441,-0.053332,0.45301,0.40141,0.69601,0.39691,0.77183,1.6836,-0.21177,-0.81103,-0.73013,-1.1393,1.6723,-1.7056,-1.5725,-0.80969,0.011379,-0.17745,0.93637,-0.18861,0.26664,-0.64377,0.49594,0.796,0.21419,0.12247,-0.3993,0.9257,1.921,-0.45159,0.75622,-0.1351,-0.2624,1.2214,0.01279,0.28426,-0.46125,-1.1622,-0.34041,1.3323,0.45415,0.87702,-0.47317,-1.2549,0.08977,0.1057,-1.5914,-0.36455,2.3474,-1.952,-0.30497,0.89889,-0.71782,0.73973,0.49151,0.66894,-0.65299,1.1448,0.61725,-0.27164,0.56775,2.3347,1.1721,-0.49046,0.42867,0.20895
1.3567,-0.77659,2.2226,-0.70479,0.050635,0.60966,1.6323,1.1092,0.31577,0.87769,2.4838,-0.30602,-0.90456,1.6479,-0.67525,-1.1007,-0.33695,-1.1206,0.86857,-1.0423,-0.14347,2.7534,-0.92273,0.036467,-1.7575,0.97301,-0.30623,0.73091,-0.24076,0.11563,-2.0597,0.15734,1.1313,0.036335,-1.3577,0.024485,-0.87937,-1.0575,0.67812,2.2679,0.33601,-0.80637,-0.50198,1.1762,0.87164,-0.31648,-0.067042,-0.32255,1.2772,0.54892,0.36895,-0.78159,0.20025,1.2036,-1.1459,-1.2522,-1.1852,0.54774,-0.00208,-0.74275,-0.52744,-1.162,-0.69852,-1.8917,0.86618,1.0561,0.99911,-0.86647,0.017887,0.15661,0.31998,0.39813,0.82906,-1.2585,1.6794,-0.95233,-0.91029,1.7946,0.65194,1.2318
-1.1714,-0.45946,-0.87896,-0.18868,-1.1757,-0.22891,-0.541,-0.14766,-0.48656,-1.1988,-0.22917,-0.12741,1.9004,0.6792,0.040251,2.2622,0.34155,-0.49469,-0.56888,-0.057587,0.66144,-0.44353,-1.3144,-0.37176,-0.17934,-0.60603,-0.11192,0.2503,0.64173,-1.1745,0.46874,0.54898,1.813,-0.5725,0.093507,-0.31608,0.55063,-1.1326,-2.3124,0.467,0.54514,0.511,0.60842,-0.2284,0.21993,-0.6169,0.81198,-0.090409,-0.77323,-1.2456,-0.1449,0.46466,1.3389,0.8307,2.2153,-0.41937,-0.24543,-0.25062,1.7759,-1.3106,0.92028,-0.18704,0.24979,0.75363,0.80145,1.8492,1.6358,0.1471,-1.5821,0.53622,-0.15774,1.9677,0.36305,1.462,0.24623,1.7197,-0.13805,0.22316,-0.069417,0.37163
0.64121,-0.58305,0.23412,1.2933,-0.62706,1.6116,-0.3349,0.012709,0.45917,0.98284,0.26702,-2.2377,2.0645,-0.97366,-0.46471,-1.886,1.2115,-2.6276,1.0751,1.3201,-0.7145,-1.9298,-0.13846,0.48525,1.0015,0.58712,0.49213,0.50779,-0.96103,-0.26151,-2.0008,-1.2485,-0.38995,-0.072724,-0.66257,0.49596,1.9188,0.11671,-1.3704,1.2124,-0.8584,-0.75186,-0.5892,-0.33253,0.62878,0.57856,0.59356,-1.7087,-0.05982,2.1417,-0.17893,0.63152,0.48321,-2.0076,0.37943,1.1003,-0.41012,-1.4382,1.251,-0.18352,0.55026,0.68765,0.46928,1.4906,0.52145,0.34802,-0.44739,1.0344,0.50827,0.84687,1.6268,0.85981,0.31675,0.56243,1.3571,0.93978,0.38667,1.832,0.42274,-1.3913
0.5678,-0.3648,0.4977,-0.99825,0.53468,0.32485,1.3149,0.19686,-0.87531,0.83096,1.4254,-0.50444,0.2782,-0.72836,-0.32652,-1.0865,-1.7857,-0.88566,2.5663,1.3002,-0.80262,0.10883,-0.082219,0.4221,-0.074282,0.77467,1.3268,1.9631,-0.0021986,-1.1332,0.20395,0.62675,0.53899,0.92233,1.293,1.2288,0.89584,-0.77185,-0.1584,-2.2908,-0.53143,-1.0975,-0.1798,-0.33259,0.26265,1.5744,-0.58331,-0.90399,0.058314,1.1692,1.5798,0.41808,-0.55954,-0.09504,-0.48949,-0.28295,-0.18873,0.0063411,0.13374,0.29385,-0.071614,0.75049,1.0749,0.31165,-2.5075,-0.3921,0.064204,-0.87395,-0.74151,2.5934,0.69808,-1.5211,-1.1573,0.40231,-0.37268,1.6073,-0.30883,-0.79142,1.7565,-1.5056
0.91944,-0.25271,0.47385,1.075,0.78281,0.63601,2.4946,-1.235,-0.60725,0.76021,0.30438,0.39422,-0.5922,1.5836,0.095763,0.35408,-1.0252,-2.1996,0.717,-0.47606,-0.28119,0.78534,0.077322,-1.0851,-0.42853,-1.0571,-0.69165,-0.10559,1.0844,1.3458,0.29173,-2.5205,1.3432,0.49968,0.31729,-1.9549,1.4974,-0.44844,-1.5538,-0.11349,-0.58672,-1.0558,0.15606,-0.59937,-0.8126,0.16783,-1.0564,-0.5087,0.66358,1.2911,-0.44019,1.4589,0.29633,0.40663,-0.18901,0.033029,0.91103,-1.6083,-0.085557,-1.1023,-1.5177,0.29931,-1.0249,-0.51413,0.93654,0.23888,-0.080247,0.38954,0.45879,-0.025934,0.26389,0.08656,0.51272,1.58,0.89778,0.17034,-0.26576,-0.52386,-2.2628,0.040294
0.10934,-1.2648,0.6366,-0.72012,-0.2196,0.4472,0.56782,0.76958,-0.56505,0.5393,1.1312,-0.24865,0.4904,-1.0619,-1.7274,-0.91463,0.076301,0.42579,1.0862,-0.71676,1.087,-0.11543,-0.97956,-0.89345,0.10921,1.2188,0.90147,0.79787,-1.0308,-0.86941,1.3938,-1.0578,-0.88084,-0.53025,0.28565,-0.23893,-1.0189,0.19801,0.53728,0.87414,-0.24395,-0.31232,0.63055,-0.67014,-0.85278,0.13143,-0.93085,1.1046,0.83847,-0.73366,0.40538,-0.1232,-0.59514,-0.81237,-0.20701,1.7699,0.23452,0.16579,-1.2553,0.22807,-1.0887,0.29395,-1.8501,0.82724,0.25068,0.36907,1.8344,1.197,0.38828,0.080828,-0.90181,-0.86629,1.1473,-0.21533,0.51465,-0.1187,0.87891,0.51888,-0.82127,1.0867
0.44148,-0.6237,-1.9475,-0.37105,0.87012,-2.0435,-0.19926,-1.4299,-1.0133,-0.98139,-0.40825,0.45534,0.16361,0.63909,-0.74136,1.0598,1.2999,-0.2158,-0.18515,1.9391,2.2592,-0.094056,-0.64137,-0.99961,-0.054278,0.28724,1.2082,1.1316,0.5138,0.35953,1.1656,1.389,0.94985,-1.2609,-1.5747,0.39683,-1.2002,2.3242,-0.36806,-0.35134,0.91957,-1.6077,-1.4415,-1.0509,-0.56625,2.5718,-0.30758,1.0064,0.99671,0.51301,1.9169,-1.6195,-0.99793,-1.0334,1.1188,-1.4547,0.86719,1.1541,-2.4976,1.6096,1.9494,-0.34895,0.037015,0.3602,-1.7622,0.72308,0.50892,-0.54536,-0.37697,0.23943,0.39408,1.9556,-0.91825,1.3221,-1.9248,1.2704,1.5078,0.91991,-2.8357,-0.052457
-1.6339,0.82586,-1.1901,-0.14413,0.79579,-0.56706,-1.2246,1.1972,0.92925,0.51265,-0.97415,-0.59777,-0.055205,1.4019,0.21193,0.40277,0.82741,1.6854,-0.77352,-0.33019,-0.78724,0.54586,-0.0031359,0.0037197,0.084928,-2.2077,1.7568,1.1314,1.8847,-0.95114,-0.26,0.058728,-0.030423,-1.5051,0.21547,1.2907,2.8323,1.5488,-1.4581,-0.065668,2.1912,0.65182,-1.5237,-1.1486,0.80935,1.0031,-1.0581,-0.71369,-0.96124,0.2237,-0.36255,0.73396,0.13448,-0.70254,1.0312,-0.1534,1.5195,-0.78407,1.2326,-0.68417,0.2821,-0.20113,-1.1238,-0.48021,0.25144,-1.3884,-2.2961,-0.23183,0.80035,-0.36828,1.0471,0.61759,0.68174,-0.9315,1.1432,1.1961,1.2665,1.4214,-1.0434,-1.191
0.7417,-0.041794,1.5074,-1.7644,-0.57934,0.44793,-1.2427,1.6859,-0.688,-0.65747,-0.64452,-0.69213,1.1201,0.071665,-0.79171,0.63108,1.1961,0.40927,0.28917,1.7212,0.78928,-1.06,1.5837,0.84006,0.60816,0.26201,0.11526,0.28376,0.053929,-0.77445,-0.71847,0.059096,1.6056,0.065893,-0.057772,1.9497,-0.25688,0.1527,1.0035,-1.601,-1.7524,-2.2541,0.74821,-0.3026,1.1859,-0.67454,-0.077946,-0.37951,-1.1124,2.428,-1.4832,1.1849,-1.5757,0.59723,0.37153,0.53737,-1.4299,0.79156,0.16428,-0.19764,1.4634,-0.19539,-0.19461,-0.76528,-0.49647,-0.32278,-0.91699,1.7131,-0.086639,-1.0857,-1.1099,0.37035,-0.45651,0.38655,-1.7094,-1.3306,1.8984,1.3224,0.17361,-0.8651
0.18584,-0.35337,0.23308,-0.86319,1.6561,-1.0054,-0.33959,0.62385,0.50451,0.4145,0.94027,0.70518,-0.32067,-0.26356,-1.2478,0.44434,0.66361,0.83148,-0.92213,0.13489,-1.3542,0.73889,0.78436,1.9541,-0.48342,0.47529,0.079585,-0.45003,-0.57862,-0.40005,-0.91903,0.29503,0.51262,-0.78756,1.7843,0.78116,-0.08742,0.41389,0.10296,-2.2306,-0.10944,-1.2334,-0.33193,-0.66786,-0.44863,0.00024442,1.0378,0.45329,0.37499,0.47957,0.77848,1.9408,1.7989,-0.3048,0.89288,0.68736,-1.4767,-0.42936,0.064107,2.6423,-0.72532,0.82789,0.44089,-0.033883,1.6271,-0.22809,1.0806,0.81036,-0.34334,-1.6363,1.0257,0.34931,1.6291,-0.015149,0.29462,-0.28933,1.2782,1.2145,1.7524,0.13825
0.25348,-0.62981,0.8854,1.1944,-1.705,0.83727,-0.27219,-0.84607,0.050927,-0.014518,1.0308,0.63165,0.17649,-0.059244,-0.46381,-1.474,0.093139,0.79061,-1.7482,-0.054995,0.97307,0.14868,-1.2132,0.060369,-0.32056,0.34073,-0.86751,0.77823,-0.53215,-1.5158,-0.51126,0.57114,-0.14503,1.4419,-1.0946,-0.53546,0.50741,0.4786,-0.74977,-1.6754,-1.1919,-0.11103,-0.2041,2.628,-1.793,0.48009,-0.79738,1.5495,0.87988,0.084861,0.74521,-0.021446,0.047706,0.057191,0.78366,-1.6567,-0.77866,-0.18624,0.34247,1.1336,0.73449,0.98108,-0.59077,-0.77414,0.12028,-0.77727,0.36581,0.64498,1.2713,0.2173,0.84242,1.1117,-0.34693,0.042188,-0.92236,1.054,1.3117,2.4313,0.73713,0.10191
-1.4517,0.50719,0.13894,1.312,0.76224,-0.38164,0.26051,0.96291,-0.10984,-0.12933,-0.16914,-0.44816,0.25498,0.20185,-0.7566,0.055118,0.41698,-0.44216,0.80246,-1.6179,-0.53833,-2.2127,0.54764,-0.17821,-1.1636,1.3615,0.66218,-1.1873,0.22642,2.117,-0.82581,-0.47056,-0.37836,-0.40251,-0.42202,1.7933,0.37934,-0.763,-1.3021,0.62038,-0.39596,-1.0701,1.9524,0.14236,-0.52963,-1.4749,2.4786,-1.6,-1.6585,-0.017667,-0.049179,-0.26695,-0.62132,-0.68616,0.17745,-0.011902,0.46256,-0.46341,-1.6101,-1.1121,1.1033,0.33884,0.87113,0.55806,0.89168,-0.43945,-0.33954,0.42118,-0.30284,-0.85274,-0.76754,0.20866,1.8144,-0.18743,1.6304,-0.14482,0.028863,0.20918,-0.70084,0.060316
0.074858,-0.33808,-0.051122,1.2057,-0.45345,0.11702,-1.0887,0.70203,-0.44599,0.66356,-1.1218,-1.0735,0.72898,0.63471,0.9601,-0.29382,0.61655,-0.5835,0.61973,-0.82325,-0.26908,-0.55374,-1.353,2.13,0.0015394,-1.1143,-0.97544,1.691,-0.17301,0.72432,-1.4358,0.37637,-0.80017,0.91735,0.09866,0.86546,-0.20542,0.34034,0.72889,1.6787,-0.72722,-0.27802,1.4733,3.0416,-0.017846,-0.55831,1.3235,0.44952,-0.40406,0.28315,-0.65924,1.2436,0.050548,0.39566,1.807,-0.23351,-0.69103,-1.536,0.73074,0.26173,-0.75852,0.43819,-1.447,2.6539,0.33669,0.14162,1.6176,-0.25443,0.62492,-0.42721,0.034528,-0.2611,-0.16518,-0.10157,-0.34746,0.47763,-0.85612,-0.4405,-0.3475,0.02215
-1.0768,0.88487,-0.11461,0.31326,-0.82211,1.7836,1.0707,-2.3878,-1.255,-0.25848,0.60174,-0.033064,0.0098002,-1.2717,1.5571,-0.052038,0.20642,-0.96034,0.48347,1.1786,-0.70767,0.46114,-0.26139,0.57988,0.37214,0.61324,0.038418,0.99031,0.28992,1.3898,-1.0732,0.28846,0.33249,0.99082,0.23525,0.41475,1.1053,-1.1796,-0.5039,-2.1156,0.72584,-0.087806,0.86921,0.69024,-0.74962,-0.36517,-0.1984,-0.29282,-0.31098,-1.1676,0.47655,-1.4893,-0.58296,-1.4005,1.1774,-0.278,-0.51218,1.1095,-0.70983,-1.7031,-0.55584,0.095761,-1.6594,1.4154,-0.2038,0.47305,1.0951,0.043254,-0.22466,-1.4236,-0.20725,0.7354,-0.30338,-0.12577,0.64365,-0.70625,-1.4279,-0.48772,-0.89583,0.25441
1.3265,1.6423,0.095765,0.27636,-1.4673,-0.26936,0.92159,-0.4763,1.1296,-1.6731,-1.2385,-0.85879,-0.085165,0.35427,-0.67578,-0.79455,0.29886,-1.5045,-0.39462,-1.0865,0.092411,-0.65693,0.69023,-1.4646,-1.1868,0.77074,-0.22,2.1324,-0.73236,0.21404,-1.4227,-0.23388,1.7165,-1.4263,-3.0189,0.18742,-0.28661,-1.3661,0.47178,-0.91164,-0.054836,-1.6641,-0.48896,1.8602,-1.1717,0.10897,0.69133,0.17154,-0.43931,0.062865,-0.33041,2.3558,-0.15426,-0.26578,0.39908,0.49798,-0.14971,-0.2629,-0.65769,-1.6934,-1.485,-0.81582,-0.060711,0.40398,-0.25566,1.1562,0.66754,0.020374,0.090709,0.61731,-1.4072,1.6526,0.22245,0.099853,-1.0734,0.7196,-0.017852,-0.77479,-0.21018,-0.41606
-0.35708,-1.485,-0.45884,-1.9492,-0.57742,-0.52684,-0.49333,0.20282,2.4117,-1.6644,0.62328,2.2789,-2.206,-0.030146,-0.96698,-0.93691,0.26898,1.0452,0.359,1.4868,0.73281,-0.9556,1.3569,1.4522,-0.12496,-0.70614,-0.96518,-0.4371,0.16798,-0.091697,-0.6752,-0.97294,2.2552,-2.7152,-0.017258,-1.5059,-2.2067,-0.67962,-1.6463,-1.8283,-1.685,1.9808,-0.23892,-0.6558,1.858,-0.32177,0.61056,-1.9572,0.69881,1.7167,-0.053599,-0.99321,-1.3732,-0.32754,0.75982,0.34819,0.70877,0.52789,0.60049,0.67362,0.97314,0.1528,-0.96043,-0.29365,1.0728,1.6747,-1.6327,0.48095,-0.061851,0.20329,-0.11235,1.3323,0.47359,-1.0245,-2.6228,0.8521,-0.39703,3.3342,0.68128,1.2293
0.72644,0.014345,0.95537,-0.26602,-0.52251,0.38732,-0.96564,0.31281,1.6545,-0.65445,0.59427,0.66105,0.56749,0.89664,-1.1426,0.14964,-0.5276,1.4065,0.98182,1.1015,-0.95008,1.3985,-0.33307,1.3472,-0.26676,-0.9968,-0.047204,0.73076,-1.8678,-1.0223,0.3864,-2.1004,1.2613,2.0756,-1.0191,-1.0661,-0.53798,0.91975,0.51318,0.74501,0.29581,0.95242,-0.012856,-0.50346,-0.79571,1.2311,0.93793,-0.65182,-0.23615,-1.4923,-0.0051364,0.78353,1.8957,0.70884,0.29402,0.89351,1.6864,-0.50188,0.16643,-1.3006,-0.90049,0.73545,-0.91499,-0.093309,-0.80338,-0.82986,0.99838,0.42758,-0.65308,0.003807,-0.13856,-2.599,-0.992,-0.60081,2.0807,1.3153,0.43466,-0.29653,-0.49795,-0.22845
1.3353,-0.65891,-0.061541,-1.373,0.52885,1.3135,0.75569,0.92375,-0.15823,-1.0718,1.4547,-0.51254,-1.2275,0.015078,-1.2621,-0.049965,-0.93313,0.6773,-1.4059,-0.18509,0.42164,0.36626,0.72021,-1.1613,0.1552,0.91539,0.79434,-0.34786,-1.3804,0.63552,-1.1798,0.25537,-0.99781,0.075708,-0.8899,-0.50986,-1.7118,0.63758,-0.36165,-1.2186,1.3959,-2.1902,1.0298,-1.3515,1.8155,-0.58742,-0.17247,0.092348,-0.80355,1.4909,1.5264,1.3006,-0.18786,-0.6249,-1.5961,0.035536,-0.36241,-0.14766,2.1501,-0.21005,-1.6446,0.58423,-0.64189,0.284,0.78982,1.2771,0.023736,0.29633,-2.068,0.12012,-0.52254,1.0867,-0.56913,-0.31741,-1.6824,0.030474,-0.70482,0.031386,-1.258,0.2252
-0.50611,0.79489,0.05467,-0.33744,2.024,-1.6785,1.3156,-1.1122,0.56303,-0.024465,1.2464,-1.0146,-1.0425,-1.6577,0.46526,-0.92387,-1.3183,-1.1739,-1.6869,-0.8837,-0.51577,-0.57725,0.15856,0.81233,-0.048799,-1.0977,0.63457,-0.72933,-0.022967,0.45352,0.63899,0.1151,-1.5372,-0.53084,2.5432,0.098074,-0.75764,0.46242,0.24452,0.27898,-0.077714,-0.21676,-1.0732,-0.47756,0.66349,0.38651,-0.4782,-2.2616,-0.48776,0.17542,0.38261,1.1673,1.0424,0.83994,-0.85499,-1.7948,0.73202,-0.27736,-0.84294,-1.6979,0.10641,-1.4496,0.68844,-0.45929,-0.21546,-0.13649,-0.41411,0.029497,-0.95803,-0.92574,-0.52324,0.82142,-0.054531,0.45267,-0.54197,-0.66943,-1.4349,1.6648,-0.21184,-1.4662
-0.27461,0.91536,-0.22144,-0.78132,0.46043,-1.0687,-1.2337,2.3736,-0.6499,0.43092,-0.21533,0.90166,-0.70688,0.033429,-1.5511,-1.2417,0.47085,-1.6084,-0.81803,1.9221,0.10102,-0.091222,-0.60906,2.0021,-0.52215,0.36362,-0.031687,-1.225,0.17958,-0.95829,-1.6379,-1.3584,-1.0383,-0.22202,0.83222,0.47114,-0.057412,-0.47616,0.69473,1.0376,0.54769,1.0848,-1.2319,1.364,0.10002,1.4808,0.30798,-1.23,0.63959,-0.26117,-0.67884,-2.5905,-0.19893,0.40816,0.053057,-1.1009,-0.64805,-1.6704,0.84638,-0.10843,-0.22991,-0.96927,-1.0858,-0.31941,-0.83155,-0.86198,1.6898,-1.3059,-0.44561,0.81829,-0.12815,0.16245,-0.88377,1.607,-0.45914,-1.3373,0.76553,0.18124,-0.75661,1.8533
-0.00097993,-0.30776,-1.5763,-0.48031,0.29253,-0.073327,0.76095,1.0835,0.48535,0.58982,-1.0472,-0.92125,-0.99963,0.10585,-0.040452,-0.44637,-0.62509,0.33933,0.66,-0.5347,-1.3221,-0.65655,-0.35901,-0.29704,-0.16152,1.0841,1.6775,-1.4519,-0.68419,0.7928,1.4569,-0.97452,-0.52009,1.8358,-0.72901,-0.26354,-0.36918,0.34099,0.24269,-0.19555,-0.32831,-0.74616,0.65584,0.067699,0.83893,1.1943,0.36018,-0.48205,0.65672,-0.62406,0.82895,-0.97853,-0.40079,-0.21928,0.39706,-1.0295,-0.056847,-0.9871,0.37884,0.026029,0.7214,-0.071996,-0.47236,-0.61314,0.13182,0.65153,-0.14431,-0.16273,-0.65266,0.12541,2.1548,-0.95538,0.84621,-1.7571,-0.17057,0.35933,-0.075,-0.33426,0.27416,1.2358
1.8428,-0.65062,-0.38453,0.57479,0.93027,-1.3404,0.43571,-0.25467,0.80907,0.25336,1.6831,-0.20467,-0.66183,-1.2885,0.8839,-0.77027,2.2322,-1.4174,0.32023,0.78343,0.8673,0.14937,0.083884,0.48964,-0.83274,1.6207,-0.14547,-0.31059,-0.94479,-0.43352,1.8643,0.030901,0.95251,-0.36759,1.2199,1.7339,1.7689,-0.73038,0.15693,-0.23872,-0.035351,-0.0058795,-0.57974,0.33654,0.66306,0.50938,-0.87176,0.70121,-1.9682,-1.0069,-0.043973,-0.52898,-1.7743,0.23815,-0.744,0.64946,-0.18228,0.69741,1.3503,-0.00073568,-0.6565,-0.37073,0.8341,0.049177,0.67993,-1.1764,2.2701,1.0893,1.6881,0.36871,0.31392,-0.17381,1.067,0.020367,2.1178,0.27726,-0.096795,0.74874,1.7651,-2.1029
